{
"Profiles": [
{
  "Ansi 7 Color (Light)" : {
    "Green Component" : 0.58597689867019653,
    "Blue Component" : 0.57579571008682251,
    "Red Component" : 0.57327061891555786
  },
  "Ansi 15 Color (Light)" : {
    "Green Component" : 0.92122191190719604,
    "Blue Component" : 0.92665863037109375,
    "Red Component" : 0.92588883638381958
  },
  "Use Cursor Guide" : false,
  "Bold Color" : {
    "Green Component" : 0.78391265869140625,
    "Blue Component" : 0.77829915285110474,
    "Red Component" : 0.77043700218200684
  },
  "Ansi 1 Color (Dark)" : {
    "Red Component" : 0.83529411764705885,
    "Color Space" : "P3",
    "Blue Component" : 0.32549019607843138,
    "Alpha Component" : 1,
    "Green Component" : 0.30588235294117649
  },
  "Use Bright Bold" : true,
  "Ansi 9 Color (Light)" : {
    "Green Component" : 0.39934447407722473,
    "Blue Component" : 0.40199169516563416,
    "Red Component" : 0.80165505409240723
  },
  "Ansi 8 Color (Dark)" : {
    "Green Component" : 0.39888995885848999,
    "Blue Component" : 0.39880451560020447,
    "Red Component" : 0.39882731437683105
  },
  "Ansi 2 Color (Light)" : {
    "Green Component" : 0.53623628616333008,
    "Blue Component" : 0,
    "Red Component" : 0.46528005599975586
  },
  "Background Color" : {
    "Red Component" : 0,
    "Color Space" : "P3",
    "Blue Component" : 0,
    "Alpha Component" : 1,
    "Green Component" : 0
  },
  "Ansi 8 Color" : {
    "Green Component" : 0.39888995885848999,
    "Blue Component" : 0.39880451560020447,
    "Red Component" : 0.39882731437683105
  },
  "Columns" : 80,
  "Right Option Key Sends" : 0,
  "Ansi 4 Color (Light)" : {
    "Green Component" : 0.14418633282184601,
    "Blue Component" : 0.5815843939781189,
    "Red Component" : 0.11264375597238541
  },
  "Blinking Cursor" : false,
  "Cursor Boost" : 0,
  "Selected Text Color (Light)" : {
    "Green Component" : 0.78391265869140625,
    "Blue Component" : 0.77829915285110474,
    "Red Component" : 0.77043700218200684
  },
  "Use Underline Color" : false,
  "Space" : -1,
  "Selected Text Color (Dark)" : {
    "Red Component" : 0.25882352941176473,
    "Color Space" : "P3",
    "Blue Component" : 0.25882352941176473,
    "Alpha Component" : 1,
    "Green Component" : 0.25882352941176473
  },
  "Use Tab Color" : false,
  "Ansi 3 Color (Dark)" : {
    "Red Component" : 0.90588235294117647,
    "Color Space" : "P3",
    "Blue Component" : 0.27843137254901962,
    "Alpha Component" : 1,
    "Green Component" : 0.77254901960784317
  },
  "Keyboard Map" : {
    "0xf700-0x260000" : {
      "Text" : "[1;6A",
      "Action" : 10
    },
    "0x37-0x40000" : {
      "Text" : "0x1f",
      "Action" : 11
    },
    "0x32-0x40000" : {
      "Text" : "0x00",
      "Action" : 11
    },
    "0xf709-0x20000" : {
      "Text" : "[17;2~",
      "Action" : 10
    },
    "0xf70c-0x20000" : {
      "Text" : "[20;2~",
      "Action" : 10
    },
    "0xf729-0x20000" : {
      "Text" : "[1;2H",
      "Action" : 10
    },
    "0xf72b-0x40000" : {
      "Text" : "[1;5F",
      "Action" : 10
    },
    "0xf705-0x20000" : {
      "Text" : "[1;2Q",
      "Action" : 10
    },
    "0xf703-0x260000" : {
      "Text" : "[1;6C",
      "Action" : 10
    },
    "0xf700-0x220000" : {
      "Text" : "[1;2A",
      "Action" : 10
    },
    "0xf701-0x280000" : {
      "Text" : "0x1b 0x1b 0x5b 0x42",
      "Action" : 11
    },
    "0x38-0x40000" : {
      "Text" : "0x7f",
      "Action" : 11
    },
    "0x33-0x40000" : {
      "Text" : "0x1b",
      "Action" : 11
    },
    "0xf703-0x220000" : {
      "Text" : "[1;2C",
      "Action" : 10
    },
    "0xf701-0x240000" : {
      "Text" : "[1;5B",
      "Action" : 10
    },
    "0xf70d-0x20000" : {
      "Text" : "[21;2~",
      "Action" : 10
    },
    "0xf702-0x260000" : {
      "Text" : "[1;6D",
      "Action" : 10
    },
    "0xf729-0x40000" : {
      "Text" : "[1;5H",
      "Action" : 10
    },
    "0xf706-0x20000" : {
      "Text" : "[1;2R",
      "Action" : 10
    },
    "0x34-0x40000" : {
      "Text" : "0x1c",
      "Action" : 11
    },
    "0xf700-0x280000" : {
      "Text" : "0x1b 0x1b 0x5b 0x41",
      "Action" : 11
    },
    "0x2d-0x40000" : {
      "Text" : "0x1f",
      "Action" : 11
    },
    "0xf70e-0x20000" : {
      "Text" : "[23;2~",
      "Action" : 10
    },
    "0xf702-0x220000" : {
      "Text" : "[1;2D",
      "Action" : 10
    },
    "0xf703-0x280000" : {
      "Text" : "0x1b 0x1b 0x5b 0x43",
      "Action" : 11
    },
    "0xf700-0x240000" : {
      "Text" : "[1;5A",
      "Action" : 10
    },
    "0xf707-0x20000" : {
      "Text" : "[1;2S",
      "Action" : 10
    },
    "0xf70a-0x20000" : {
      "Text" : "[18;2~",
      "Action" : 10
    },
    "0x35-0x40000" : {
      "Text" : "0x1d",
      "Action" : 11
    },
    "0xf70f-0x20000" : {
      "Text" : "[24;2~",
      "Action" : 10
    },
    "0xf703-0x240000" : {
      "Text" : "[1;5C",
      "Action" : 10
    },
    "0xf701-0x260000" : {
      "Text" : "[1;6B",
      "Action" : 10
    },
    "0xf702-0x280000" : {
      "Text" : "0x1b 0x1b 0x5b 0x44",
      "Action" : 11
    },
    "0xf72b-0x20000" : {
      "Text" : "[1;2F",
      "Action" : 10
    },
    "0x36-0x40000" : {
      "Text" : "0x1e",
      "Action" : 11
    },
    "0xf708-0x20000" : {
      "Text" : "[15;2~",
      "Action" : 10
    },
    "0xf701-0x220000" : {
      "Text" : "[1;2B",
      "Action" : 10
    },
    "0xf70b-0x20000" : {
      "Text" : "[19;2~",
      "Action" : 10
    },
    "0xf702-0x240000" : {
      "Text" : "[1;5D",
      "Action" : 10
    },
    "0xf704-0x20000" : {
      "Text" : "[1;2P",
      "Action" : 10
    }
  },
  "Visual Bell" : true,
  "Only The Default BG Color Uses Transparency" : false,
  "Cursor Text Color" : {
    "Green Component" : 0.78391265869140625,
    "Blue Component" : 0.77829915285110474,
    "Red Component" : 0.77043700218200684
  },
  "Scrollback Lines" : 1000,
  "Selection Color (Light)" : {
    "Green Component" : 0.23136429488658905,
    "Blue Component" : 0.25529965758323669,
    "Red Component" : 0.2163858562707901
  },
  "Ansi 0 Color" : {
    "Green Component" : 0,
    "Blue Component" : 0,
    "Red Component" : 0
  },
  "Match Background Color (Dark)" : {
    "Red Component" : 1,
    "Color Space" : "P3",
    "Blue Component" : 0,
    "Alpha Component" : 1,
    "Green Component" : 1
  },
  "Ansi 11 Color (Light)" : {
    "Green Component" : 0.77497208118438721,
    "Blue Component" : 0.45511400699615479,
    "Red Component" : 0.93944704532623291
  },
  "Ansi 5 Color (Dark)" : {
    "Green Component" : 0.16362617909908295,
    "Blue Component" : 0.60680770874023438,
    "Red Component" : 0.40820497274398804
  },
  "Cursor Text Color (Light)" : {
    "Green Component" : 0.78391265869140625,
    "Blue Component" : 0.77829915285110474,
    "Red Component" : 0.77043700218200684
  },
  "Silence Bell" : false,
  "Rows" : 25,
  "Guid" : "741B1341-77D4-4048-A0E3-16AB77AB5E7A",
  "Ansi 14 Color (Dark)" : {
    "Green Component" : 0.74548608064651489,
    "Blue Component" : 0.71800357103347778,
    "Red Component" : 0.53946769237518311
  },
  "Ansi 15 Color (Dark)" : {
    "Green Component" : 0.92122191190719604,
    "Blue Component" : 0.92665863037109375,
    "Red Component" : 0.92588883638381958
  },
  "Ansi 0 Color (Dark)" : {
    "Green Component" : 0,
    "Blue Component" : 0,
    "Red Component" : 0
  },
  "Ambiguous Double Width" : false,
  "Option Key Sends" : 0,
  "Ansi 3 Color" : {
    "Red Component" : 0.90588235294117647,
    "Color Space" : "P3",
    "Blue Component" : 0.27843137254901962,
    "Alpha Component" : 1,
    "Green Component" : 0.77254901960784317
  },
  "Window Type" : 1,
  "Smart Cursor Color" : false,
  "BM Growl" : true,
  "Prompt Before Closing 2" : false,
  "Command" : "",
  "Selected Text Color" : {
    "Red Component" : 0.25882352941176473,
    "Color Space" : "P3",
    "Blue Component" : 0.25882352941176473,
    "Alpha Component" : 1,